{
  "users": {
    "6285824212737@s.whatsapp.net": {
      "afkTime": -1,
      "afkReason": "",
      "limit": "Infinity"
    },
    "6281232615640@s.whatsapp.net": {
      "afkTime": -1,
      "afkReason": "",
      "limit": 50
    },
    "6282334018401@s.whatsapp.net": {
      "afkTime": -1,
      "afkReason": "",
      "limit": 50
    },
    "6287765038959@s.whatsapp.net": {
      "afkTime": -1,
      "afkReason": "",
      "limit": 0
    },
    "62856085344750@s.whatsapp.net": {
      "afkTime": -1,
      "afkReason": "",
      "limit": "Infinity"
    },
    "6281806369588@s.whatsapp.net": {
      "afkTime": -1,
      "afkReason": "",
      "limit": 10
    },
    "6281314523519@s.whatsapp.net": {
      "afkTime": -1,
      "afkReason": "",
      "limit": 10
    },
    "6283877664343@s.whatsapp.net": {
      "afkTime": -1,
      "afkReason": "",
      "limit": 10
    },
    "62895803770050@s.whatsapp.net": {
      "afkTime": -1,
      "afkReason": "",
      "limit": -5
    },
    "62882006465928@s.whatsapp.net": {
      "afkTime": -1,
      "afkReason": "",
      "limit": -3
    },
    "6289502885341@s.whatsapp.net": {
      "afkTime": -1,
      "afkReason": "",
      "limit": 10
    },
    "62895391640324@s.whatsapp.net": {
      "afkTime": -1,
      "afkReason": "",
      "limit": 10
    },
    "62856085344759@s.whatsapp.net": {
      "afkTime": -1,
      "afkReason": "",
      "limit": "Infinity"
    },
    "6285882050216@s.whatsapp.net": {
      "afkTime": -1,
      "afkReason": "",
      "limit": 10
    },
    "6281225122825@s.whatsapp.net": {
      "afkTime": -1,
      "afkReason": "",
      "limit": 10
    },
    "6285603909078@s.whatsapp.net": {
      "afkTime": -1,
      "afkReason": "",
      "limit": 5
    },
    "6282142858637@s.whatsapp.net": {
      "afkTime": -1,
      "afkReason": "",
      "limit": 0
    },
    "62895329084581@s.whatsapp.net": {
      "afkTime": -1,
      "afkReason": "",
      "limit": 10
    },
    "6281247159178@s.whatsapp.net": {
      "afkTime": -1,
      "afkReason": "",
      "limit": 3
    },
    "6288220574267@s.whatsapp.net": {
      "afkTime": -1,
      "afkReason": "",
      "limit": 3
    },
    "62856085344752@s.whatsapp.net": {
      "afkTime": -1,
      "afkReason": "",
      "limit": 10
    },
    "6285795600265@s.whatsapp.net": {
      "afkTime": -1,
      "afkReason": "",
      "limit": 0
    },
    "6288289120921@s.whatsapp.net": {
      "afkTime": -1,
      "afkReason": "",
      "limit": 10
    },
    "62856085344753@s.whatsapp.net": {
      "afkTime": -1,
      "afkReason": "",
      "limit": "Infinity"
    },
    "6285810357399@s.whatsapp.net": {
      "afkTime": -1,
      "afkReason": "",
      "limit": 10
    },
    "6287745835962@s.whatsapp.net": {
      "afkTime": -1,
      "afkReason": "",
      "limit": 0
    },
    "6289528652225@s.whatsapp.net": {
      "afkTime": -1,
      "afkReason": "",
      "limit": 10
    },
    "6285745267740@s.whatsapp.net": {
      "afkTime": -1,
      "afkReason": "",
      "limit": -159
    },
    "6282249502684@s.whatsapp.net": {
      "afkTime": -1,
      "afkReason": "",
      "limit": 10
    },
    "923030257357@s.whatsapp.net": {
      "afkTime": -1,
      "afkReason": "",
      "limit": 10
    },
    "62895402444135@s.whatsapp.net": {
      "afkTime": -1,
      "afkReason": "",
      "limit": 10
    },
    "6289530073084@s.whatsapp.net": {
      "afkTime": -1,
      "afkReason": "",
      "limit": -2
    },
    "6289509419214@s.whatsapp.net": {
      "afkTime": -1,
      "afkReason": "",
      "limit": -9
    },
    "62856085344751@s.whatsapp.net": {
      "afkTime": -1,
      "afkReason": "",
      "limit": "Infinity"
    },
    "62858103573998@s.whatsapp.net": {
      "afkTime": -1,
      "afkReason": "",
      "limit": -6
    },
    "6288808498725@s.whatsapp.net": {
      "afkTime": -1,
      "afkReason": "",
      "limit": -5
    },
    "62895340376045@s.whatsapp.net": {
      "afkTime": -1,
      "afkReason": "",
      "limit": 10
    },
    "62857892117054@s.whatsapp.net": {
      "afkTime": -1,
      "afkReason": "",
      "limit": 10
    },
    "6283185997117@s.whatsapp.net": {
      "afkTime": -1,
      "afkReason": "",
      "limit": 0
    },
    "6285724114549@s.whatsapp.net": {
      "afkTime": -1,
      "afkReason": "",
      "limit": 10
    },
    "6283891651600@s.whatsapp.net": {
      "afkTime": -1,
      "afkReason": "",
      "limit": 10
    },
    "6281264116045@s.whatsapp.net": {
      "afkTime": -1,
      "afkReason": "",
      "limit": -40
    },
    "6283121865824@s.whatsapp.net": {
      "afkTime": -1,
      "afkReason": "",
      "limit": 10
    },
    "62895401357755@s.whatsapp.net": {
      "afkTime": -1,
      "afkReason": "",
      "limit": 10
    },
    "6285788407280@s.whatsapp.net": {
      "afkTime": -1,
      "afkReason": "",
      "limit": 0
    },
    "6285716071210@s.whatsapp.net": {
      "afkTime": -1,
      "afkReason": "",
      "limit": 0
    },
    "6281235807940@s.whatsapp.net": {
      "afkTime": -1,
      "afkReason": "",
      "limit": -1
    },
    "6281353062928@s.whatsapp.net": {
      "afkTime": -1,
      "afkReason": "",
      "limit": 10
    },
    "628891767998@s.whatsapp.net": {
      "afkTime": -1,
      "afkReason": "",
      "limit": 0
    },
    "6285717176638@s.whatsapp.net": {
      "afkTime": -1,
      "afkReason": "",
      "limit": 0
    },
    "62895335027428@s.whatsapp.net": {
      "afkTime": -1,
      "afkReason": "",
      "limit": 10
    },
    "6283806892753@s.whatsapp.net": {
      "afkTime": -1,
      "afkReason": "",
      "limit": 10
    },
    "6282329571661@s.whatsapp.net": {
      "afkTime": -1,
      "afkReason": "",
      "limit": 10
    },
    "6282322279739@s.whatsapp.net": {
      "afkTime": -1,
      "afkReason": "",
      "limit": 10
    },
    "6282112465942@s.whatsapp.net": {
      "afkTime": -1,
      "afkReason": "",
      "limit": 10
    },
    "6283826944306@s.whatsapp.net": {
      "afkTime": -1,
      "afkReason": "",
      "limit": 0
    },
    "6285243081782@s.whatsapp.net": {
      "afkTime": -1,
      "afkReason": "",
      "limit": 10
    },
    "6281933617279@s.whatsapp.net": {
      "afkTime": -1,
      "afkReason": "",
      "limit": 10
    },
    "6289654314041@s.whatsapp.net": {
      "afkTime": -1,
      "afkReason": "",
      "limit": 10
    },
    "6283856454465@s.whatsapp.net": {
      "afkTime": -1,
      "afkReason": "",
      "limit": 10
    },
    "62881036418478@s.whatsapp.net": {
      "afkTime": -1,
      "afkReason": "",
      "limit": 10
    },
    "6288221069666@s.whatsapp.net": {
      "afkTime": -1,
      "afkReason": "",
      "limit": 10
    },
    "6281574696209@s.whatsapp.net": {
      "afkTime": -1,
      "afkReason": "",
      "limit": 10
    },
    "6283877737117@s.whatsapp.net": {
      "afkTime": -1,
      "afkReason": "",
      "limit": 10
    },
    "6282257529886@s.whatsapp.net": {
      "afkTime": -1,
      "afkReason": "",
      "limit": 10
    },
    "6282132710183@s.whatsapp.net": {
      "afkTime": -1,
      "afkReason": "",
      "limit": 10
    },
    "6288226350259@s.whatsapp.net": {
      "afkTime": -1,
      "afkReason": "",
      "limit": 10
    },
    "6283152615606@s.whatsapp.net": {
      "afkTime": -1,
      "afkReason": "",
      "limit": 0
    },
    "6285231746086@s.whatsapp.net": {
      "afkTime": -1,
      "afkReason": "",
      "limit": 0
    },
    "6281990567448@s.whatsapp.net": {
      "afkTime": -1,
      "afkReason": "",
      "limit": 5
    },
    "62882003753175@s.whatsapp.net": {
      "afkTime": -1,
      "afkReason": "",
      "limit": 10
    },
    "6281514723568@s.whatsapp.net": {
      "afkTime": -1,
      "afkReason": "",
      "limit": 10
    },
    "6283835596587@s.whatsapp.net": {
      "afkTime": -1,
      "afkReason": "",
      "limit": 5
    },
    "6283870408904@s.whatsapp.net": {
      "afkTime": -1,
      "afkReason": "",
      "limit": 0
    },
    "6285272574694@s.whatsapp.net": {
      "afkTime": -1,
      "afkReason": "",
      "limit": 10
    },
    "6283184823802@s.whatsapp.net": {
      "afkTime": -1,
      "afkReason": "",
      "limit": 10
    },
    "6285738053577@s.whatsapp.net": {
      "afkTime": -1,
      "afkReason": "",
      "limit": 10
    },
    "6282280243350@s.whatsapp.net": {
      "afkTime": -1,
      "afkReason": "",
      "limit": 10
    },
    "6283150177711@s.whatsapp.net": {
      "afkTime": -1,
      "afkReason": "",
      "limit": 10
    },
    "6283825242029@s.whatsapp.net": {
      "afkTime": -1,
      "afkReason": "",
      "limit": 5
    },
    "62882017131672@s.whatsapp.net": {
      "afkTime": -1,
      "afkReason": "",
      "limit": 5
    },
    "6287792917350@s.whatsapp.net": {
      "afkTime": -1,
      "afkReason": "",
      "limit": 10
    },
    "6281312930109@s.whatsapp.net": {
      "afkTime": -1,
      "afkReason": "",
      "limit": 10
    },
    "628997496333@s.whatsapp.net": {
      "afkTime": -1,
      "afkReason": "",
      "limit": -4
    },
    "6283836064082@s.whatsapp.net": {
      "afkTime": -1,
      "afkReason": "",
      "limit": 10
    },
    "6281244738454@s.whatsapp.net": {
      "afkTime": -1,
      "afkReason": "",
      "limit": 10
    },
    "6283129419754@s.whatsapp.net": {
      "afkTime": -1,
      "afkReason": "",
      "limit": 10
    },
    "6289660290001@s.whatsapp.net": {
      "afkTime": -1,
      "afkReason": "",
      "limit": 10
    },
    "6283199038208@s.whatsapp.net": {
      "afkTime": -1,
      "afkReason": "",
      "limit": 10
    },
    "6289652544283@s.whatsapp.net": {
      "afkTime": -1,
      "afkReason": "",
      "limit": 10
    },
    "6282117612975@s.whatsapp.net": {
      "afkTime": -1,
      "afkReason": "",
      "limit": 10
    },
    "6287861392545@s.whatsapp.net": {
      "afkTime": -1,
      "afkReason": "",
      "limit": 0
    },
    "6289668969663@s.whatsapp.net": {
      "afkTime": -1,
      "afkReason": "",
      "limit": 10
    },
    "6282258623553@s.whatsapp.net": {
      "afkTime": -1,
      "afkReason": "",
      "limit": 0
    },
    "6289512735214@s.whatsapp.net": {
      "afkTime": -1,
      "afkReason": "",
      "limit": 10
    },
    "6283122957504@s.whatsapp.net": {
      "afkTime": -1,
      "afkReason": "",
      "limit": 10
    },
    "6281348097758@s.whatsapp.net": {
      "afkTime": -1,
      "afkReason": "",
      "limit": 0
    },
    "62881026578002@s.whatsapp.net": {
      "afkTime": -1,
      "afkReason": "",
      "limit": 10
    },
    "6282246533402@s.whatsapp.net": {
      "afkTime": -1,
      "afkReason": "",
      "limit": 10
    },
    "6287787865566@s.whatsapp.net": {
      "afkTime": -1,
      "afkReason": "",
      "limit": 10
    },
    "6285261145767@s.whatsapp.net": {
      "afkTime": -1,
      "afkReason": "",
      "limit": 10
    },
    "60132000864@s.whatsapp.net": {
      "afkTime": -1,
      "afkReason": "",
      "limit": 10
    },
    "6281992631885@s.whatsapp.net": {
      "afkTime": -1,
      "afkReason": "",
      "limit": 10
    },
    "6283845305503@s.whatsapp.net": {
      "afkTime": -1,
      "afkReason": "",
      "limit": 10
    },
    "6285248851145@s.whatsapp.net": {
      "afkTime": -1,
      "afkReason": "",
      "limit": 10
    },
    "6285172362098@s.whatsapp.net": {
      "afkTime": -1,
      "afkReason": "",
      "limit": 10
    },
    "6285760737306@s.whatsapp.net": {
      "afkTime": -1,
      "afkReason": "",
      "limit": 10
    },
    "6285705017693@s.whatsapp.net": {
      "afkTime": -1,
      "afkReason": "",
      "limit": 10
    },
    "16695995656@s.whatsapp.net": {
      "afkTime": -1,
      "afkReason": "",
      "limit": 10
    },
    "6287847616399@s.whatsapp.net": {
      "afkTime": -1,
      "afkReason": "",
      "limit": 10
    },
    "6283821123163@s.whatsapp.net": {
      "afkTime": -1,
      "afkReason": "",
      "limit": 10
    },
    "601167913296@s.whatsapp.net": {
      "afkTime": -1,
      "afkReason": "",
      "limit": 10
    },
    "6283840629449@s.whatsapp.net": {
      "afkTime": -1,
      "afkReason": "",
      "limit": 10
    },
    "6282186545202@s.whatsapp.net": {
      "afkTime": -1,
      "afkReason": "",
      "limit": 10
    },
    "6282184193302@s.whatsapp.net": {
      "afkTime": -1,
      "afkReason": "",
      "limit": 10
    },
    "6285839827032@s.whatsapp.net": {
      "afkTime": -1,
      "afkReason": "",
      "limit": 10
    },
    "601157368341@s.whatsapp.net": {
      "afkTime": -1,
      "afkReason": "",
      "limit": 10
    },
    "6282211122900@s.whatsapp.net": {
      "afkTime": -1,
      "afkReason": "",
      "limit": 10
    },
    "6285742394300@s.whatsapp.net": {
      "afkTime": -1,
      "afkReason": "",
      "limit": 10
    },
    "6289601689596@s.whatsapp.net": {
      "afkTime": -1,
      "afkReason": "",
      "limit": 10
    },
    "6281389183787@s.whatsapp.net": {
      "afkTime": -1,
      "afkReason": "",
      "limit": 10
    },
    "60146225458@s.whatsapp.net": {
      "afkTime": -1,
      "afkReason": "",
      "limit": 10
    },
    "6289687390640@s.whatsapp.net": {
      "afkTime": -1,
      "afkReason": "",
      "limit": 10
    },
    "6282286407189@s.whatsapp.net": {
      "afkTime": -1,
      "afkReason": "",
      "limit": 10
    },
    "60162761158@s.whatsapp.net": {
      "afkTime": -1,
      "afkReason": "",
      "limit": 10
    },
    "6283865816885@s.whatsapp.net": {
      "afkTime": -1,
      "afkReason": "",
      "limit": 10
    },
    "6285219868128@s.whatsapp.net": {
      "afkTime": -1,
      "afkReason": "",
      "limit": 10
    },
    "60149482664@s.whatsapp.net": {
      "afkTime": -1,
      "afkReason": "",
      "limit": 10
    },
    "60135584580@s.whatsapp.net": {
      "afkTime": -1,
      "afkReason": "",
      "limit": 10
    },
    "6288220178156@s.whatsapp.net": {
      "afkTime": -1,
      "afkReason": "",
      "limit": 10
    },
    "6285758303800@s.whatsapp.net": {
      "afkTime": -1,
      "afkReason": "",
      "limit": 10
    },
    "212778277755@s.whatsapp.net": {
      "afkTime": -1,
      "afkReason": "",
      "limit": 10
    },
    "6285703003855@s.whatsapp.net": {
      "afkTime": -1,
      "afkReason": "",
      "limit": 10
    },
    "6281227796334@s.whatsapp.net": {
      "afkTime": -1,
      "afkReason": "",
      "limit": 10
    },
    "6283833810890@s.whatsapp.net": {
      "afkTime": -1,
      "afkReason": "",
      "limit": 10
    },
    "6285609924708@s.whatsapp.net": {
      "afkTime": -1,
      "afkReason": "",
      "limit": 10
    },
    "62882321347691@s.whatsapp.net": {
      "afkTime": -1,
      "afkReason": "",
      "limit": 10
    },
    "6289531241483@s.whatsapp.net": {
      "afkTime": -1,
      "afkReason": "",
      "limit": 10
    },
    "6283153333715@s.whatsapp.net": {
      "afkTime": -1,
      "afkReason": "",
      "limit": 10
    },
    "6282170727748@s.whatsapp.net": {
      "afkTime": -1,
      "afkReason": "",
      "limit": 10
    },
    "6283169172757@s.whatsapp.net": {
      "afkTime": -1,
      "afkReason": "",
      "limit": 10
    },
    "6281260560240@s.whatsapp.net": {
      "afkTime": -1,
      "afkReason": "",
      "limit": 10
    },
    "6288293434863@s.whatsapp.net": {
      "afkTime": -1,
      "afkReason": "",
      "limit": 10
    },
    "6285761709590@s.whatsapp.net": {
      "afkTime": -1,
      "afkReason": "",
      "limit": 10
    },
    "6285811146550@s.whatsapp.net": {
      "afkTime": -1,
      "afkReason": "",
      "limit": 10
    },
    "6283177750861@s.whatsapp.net": {
      "afkTime": -1,
      "afkReason": "",
      "limit": 10
    },
    "628117805297@s.whatsapp.net": {
      "afkTime": -1,
      "afkReason": "",
      "limit": 10
    },
    "6287899325354@s.whatsapp.net": {
      "afkTime": -1,
      "afkReason": "",
      "limit": 10
    },
    "6281265071128@s.whatsapp.net": {
      "afkTime": -1,
      "afkReason": "",
      "limit": 10
    },
    "62895340750847@s.whatsapp.net": {
      "afkTime": -1,
      "afkReason": "",
      "limit": 10
    },
    "62882008371433@s.whatsapp.net": {
      "afkTime": -1,
      "afkReason": "",
      "limit": 10
    },
    "6283866399976@s.whatsapp.net": {
      "afkTime": -1,
      "afkReason": "",
      "limit": 10
    },
    "6288276206850@s.whatsapp.net": {
      "afkTime": -1,
      "afkReason": "",
      "limit": 10
    },
    "6285865966574@s.whatsapp.net": {
      "afkTime": -1,
      "afkReason": "",
      "limit": 10
    },
    "6283119491880@s.whatsapp.net": {
      "afkTime": -1,
      "afkReason": "",
      "limit": 10
    },
    "6285824214370@s.whatsapp.net": {
      "afkTime": -1,
      "afkReason": "",
      "limit": 10
    },
    "601117392044@s.whatsapp.net": {
      "afkTime": -1,
      "afkReason": "",
      "limit": 10
    },
    "601128613730@s.whatsapp.net": {
      "afkTime": -1,
      "afkReason": "",
      "limit": 10
    },
    "62895329791786@s.whatsapp.net": {
      "afkTime": -1,
      "afkReason": "",
      "limit": 10
    },
    "6285811505033@s.whatsapp.net": {
      "afkTime": -1,
      "afkReason": "",
      "limit": 10
    },
    "6285845460241@s.whatsapp.net": {
      "afkTime": -1,
      "afkReason": "",
      "limit": 10
    },
    "62895323222405@s.whatsapp.net": {
      "afkTime": -1,
      "afkReason": "",
      "limit": 10
    },
    "6285150719451@s.whatsapp.net": {
      "afkTime": -1,
      "afkReason": "",
      "limit": 10
    },
    "601162223273@s.whatsapp.net": {
      "afkTime": -1,
      "afkReason": "",
      "limit": 10
    },
    "60124449128@s.whatsapp.net": {
      "afkTime": -1,
      "afkReason": "",
      "limit": 10
    },
    "628311883488@s.whatsapp.net": {
      "afkTime": -1,
      "afkReason": "",
      "limit": 10
    },
    "6282143356502@s.whatsapp.net": {
      "afkTime": -1,
      "afkReason": "",
      "limit": 10
    },
    "601124456025@s.whatsapp.net": {
      "afkTime": -1,
      "afkReason": "",
      "limit": 10
    },
    "6283833256224@s.whatsapp.net": {
      "afkTime": -1,
      "afkReason": "",
      "limit": 10
    },
    "6288227379842@s.whatsapp.net": {
      "afkTime": -1,
      "afkReason": "",
      "limit": 10
    },
    "6285693168754@s.whatsapp.net": {
      "afkTime": -1,
      "afkReason": "",
      "limit": 10
    },
    "6289502289957@s.whatsapp.net": {
      "afkTime": -1,
      "afkReason": "",
      "limit": 10
    },
    "6289667973980@s.whatsapp.net": {
      "afkTime": -1,
      "afkReason": "",
      "limit": 10
    },
    "601111352602@s.whatsapp.net": {
      "afkTime": -1,
      "afkReason": "",
      "limit": 10
    },
    "6282229815526@s.whatsapp.net": {
      "afkTime": -1,
      "afkReason": "",
      "limit": 10
    },
    "6281222573707@s.whatsapp.net": {
      "afkTime": -1,
      "afkReason": "",
      "limit": 10
    },
    "6285806171556@s.whatsapp.net": {
      "afkTime": -1,
      "afkReason": "",
      "limit": 10
    },
    "60103322365@s.whatsapp.net": {
      "afkTime": -1,
      "afkReason": "",
      "limit": 10
    },
    "6287874638742@s.whatsapp.net": {
      "afkTime": -1,
      "afkReason": "",
      "limit": 10
    },
    "6285788309825@s.whatsapp.net": {
      "afkTime": -1,
      "afkReason": "",
      "limit": 10
    },
    "6281254653853@s.whatsapp.net": {
      "afkTime": -1,
      "afkReason": "",
      "limit": 10
    },
    "6285929932672@s.whatsapp.net": {
      "afkTime": -1,
      "afkReason": "",
      "limit": 10
    },
    "6288222444102@s.whatsapp.net": {
      "afkTime": -1,
      "afkReason": "",
      "limit": 10
    },
    "60147423825@s.whatsapp.net": {
      "afkTime": -1,
      "afkReason": "",
      "limit": 10
    },
    "6289637078196@s.whatsapp.net": {
      "afkTime": -1,
      "afkReason": "",
      "limit": 10
    },
    "6281329996016@s.whatsapp.net": {
      "afkTime": -1,
      "afkReason": "",
      "limit": 10
    },
    "6282220190751@s.whatsapp.net": {
      "afkTime": -1,
      "afkReason": "",
      "limit": 10
    },
    "60164306909@s.whatsapp.net": {
      "afkTime": -1,
      "afkReason": "",
      "limit": 10
    },
    "6289652118447@s.whatsapp.net": {
      "afkTime": -1,
      "afkReason": "",
      "limit": 10
    },
    "6289503832720@s.whatsapp.net": {
      "afkTime": -1,
      "afkReason": "",
      "limit": 10
    },
    "6281257987743@s.whatsapp.net": {
      "afkTime": -1,
      "afkReason": "",
      "limit": 10
    },
    "6287791406214@s.whatsapp.net": {
      "afkTime": -1,
      "afkReason": "",
      "limit": 10
    },
    "6289601211357@s.whatsapp.net": {
      "afkTime": -1,
      "afkReason": "",
      "limit": 10
    },
    "6288296497366@s.whatsapp.net": {
      "afkTime": -1,
      "afkReason": "",
      "limit": 10
    },
    "6289503736195@s.whatsapp.net": {
      "afkTime": -1,
      "afkReason": "",
      "limit": 10
    },
    "6289630037838@s.whatsapp.net": {
      "afkTime": -1,
      "afkReason": "",
      "limit": 10
    },
    "6282268530922@s.whatsapp.net": {
      "afkTime": -1,
      "afkReason": "",
      "limit": 10
    },
    "62895376935623@s.whatsapp.net": {
      "afkTime": -1,
      "afkReason": "",
      "limit": 10
    },
    "601115258232@s.whatsapp.net": {
      "afkTime": -1,
      "afkReason": "",
      "limit": 10
    },
    "6288214523803@s.whatsapp.net": {
      "afkTime": -1,
      "afkReason": "",
      "limit": 0
    },
    "6282155355389@s.whatsapp.net": {
      "afkTime": -1,
      "afkReason": "",
      "limit": 10
    },
    "6281388047684@s.whatsapp.net": {
      "afkTime": -1,
      "afkReason": "",
      "limit": 10
    },
    "6281333743267@s.whatsapp.net": {
      "afkTime": -1,
      "afkReason": "",
      "limit": 10
    },
    "601129805592@s.whatsapp.net": {
      "afkTime": -1,
      "afkReason": "",
      "limit": 10
    },
    "6283141069717@s.whatsapp.net": {
      "afkTime": -1,
      "afkReason": "",
      "limit": 10
    },
    "6281935255549@s.whatsapp.net": {
      "afkTime": -1,
      "afkReason": "",
      "limit": 10
    },
    "6281911586595@s.whatsapp.net": {
      "afkTime": -1,
      "afkReason": "",
      "limit": 9
    },
    "6283877788207@s.whatsapp.net": {
      "afkTime": -1,
      "afkReason": "",
      "limit": 10
    },
    "62895428588663@s.whatsapp.net": {
      "afkTime": -1,
      "afkReason": "",
      "limit": 10
    },
    "628563268172@s.whatsapp.net": {
      "afkTime": -1,
      "afkReason": "",
      "limit": 10
    },
    "60135212104@s.whatsapp.net": {
      "afkTime": -1,
      "afkReason": "",
      "limit": 10
    },
    "62895330251410@s.whatsapp.net": {
      "afkTime": -1,
      "afkReason": "",
      "limit": 10
    },
    "6283141948043@s.whatsapp.net": {
      "afkTime": -1,
      "afkReason": "",
      "limit": 10
    },
    "6285175370392@s.whatsapp.net": {
      "afkTime": -1,
      "afkReason": "",
      "limit": 10
    },
    "6283101543278@s.whatsapp.net": {
      "afkTime": -1,
      "afkReason": "",
      "limit": 10
    },
    "6283842126532@s.whatsapp.net": {
      "afkTime": -1,
      "afkReason": "",
      "limit": 10
    },
    "601126264680@s.whatsapp.net": {
      "afkTime": -1,
      "afkReason": "",
      "limit": 10
    },
    "6285180582513@s.whatsapp.net": {
      "afkTime": -1,
      "afkReason": "",
      "limit": 10
    },
    "6287862476047@s.whatsapp.net": {
      "afkTime": -1,
      "afkReason": "",
      "limit": 10
    },
    "601114197856@s.whatsapp.net": {
      "afkTime": -1,
      "afkReason": "",
      "limit": 10
    },
    "62881037874178@s.whatsapp.net": {
      "afkTime": -1,
      "afkReason": "",
      "limit": 10
    },
    "6281584851755@s.whatsapp.net": {
      "afkTime": -1,
      "afkReason": "",
      "limit": 10
    },
    "6285691565661@s.whatsapp.net": {
      "afkTime": -1,
      "afkReason": "",
      "limit": 10
    },
    "6289509978590@s.whatsapp.net": {
      "afkTime": -1,
      "afkReason": "",
      "limit": 10
    },
    "6285795230813@s.whatsapp.net": {
      "afkTime": -1,
      "afkReason": "",
      "limit": 10
    },
    "6285893143129@s.whatsapp.net": {
      "afkTime": -1,
      "afkReason": "",
      "limit": 10
    },
    "6283192360079@s.whatsapp.net": {
      "afkTime": -1,
      "afkReason": "",
      "limit": 10
    },
    "601170012815@s.whatsapp.net": {
      "afkTime": -1,
      "afkReason": "",
      "limit": 10
    },
    "60138947632@s.whatsapp.net": {
      "afkTime": -1,
      "afkReason": "",
      "limit": 10
    },
    "6282111016045@s.whatsapp.net": {
      "afkTime": -1,
      "afkReason": "",
      "limit": 10
    },
    "6281266298562@s.whatsapp.net": {
      "afkTime": -1,
      "afkReason": "",
      "limit": 10
    },
    "60132493118@s.whatsapp.net": {
      "afkTime": -1,
      "afkReason": "",
      "limit": 10
    },
    "6289603500392@s.whatsapp.net": {
      "afkTime": -1,
      "afkReason": "",
      "limit": 10
    },
    "6282116509290@s.whatsapp.net": {
      "afkTime": -1,
      "afkReason": "",
      "limit": 10
    },
    "6282134414364@s.whatsapp.net": {
      "afkTime": -1,
      "afkReason": "",
      "limit": 10
    },
    "62895428431963@s.whatsapp.net": {
      "afkTime": -1,
      "afkReason": "",
      "limit": 10
    },
    "60109864067@s.whatsapp.net": {
      "afkTime": -1,
      "afkReason": "",
      "limit": 10
    },
    "6283152684004@s.whatsapp.net": {
      "afkTime": -1,
      "afkReason": "",
      "limit": 10
    },
    "60177142994@s.whatsapp.net": {
      "afkTime": -1,
      "afkReason": "",
      "limit": 10
    },
    "6737106562@s.whatsapp.net": {
      "afkTime": -1,
      "afkReason": "",
      "limit": 10
    },
    "6281546895063@s.whatsapp.net": {
      "afkTime": -1,
      "afkReason": "",
      "limit": 10
    },
    "6285716368059@s.whatsapp.net": {
      "afkTime": -1,
      "afkReason": "",
      "limit": 10
    },
    "6285691754437@s.whatsapp.net": {
      "afkTime": -1,
      "afkReason": "",
      "limit": 10
    },
    "6282317692715@s.whatsapp.net": {
      "afkTime": -1,
      "afkReason": "",
      "limit": 10
    },
    "6282334690004@s.whatsapp.net": {
      "afkTime": -1,
      "afkReason": "",
      "limit": 10
    },
    "62882020680568@s.whatsapp.net": {
      "afkTime": -1,
      "afkReason": "",
      "limit": 10
    },
    "6285760108040@s.whatsapp.net": {
      "afkTime": -1,
      "afkReason": "",
      "limit": 10
    },
    "6289652188599@s.whatsapp.net": {
      "afkTime": -1,
      "afkReason": "",
      "limit": 10
    },
    "6289654576258@s.whatsapp.net": {
      "afkTime": -1,
      "afkReason": "",
      "limit": 10
    },
    "6289603814382@s.whatsapp.net": {
      "afkTime": -1,
      "afkReason": "",
      "limit": 10
    },
    "6289632015100@s.whatsapp.net": {
      "afkTime": -1,
      "afkReason": "",
      "limit": 10
    },
    "6288985897800@s.whatsapp.net": {
      "afkTime": -1,
      "afkReason": "",
      "limit": 10
    },
    "6282213260847@s.whatsapp.net": {
      "afkTime": -1,
      "afkReason": "",
      "limit": 10
    },
    "6285163721108@s.whatsapp.net": {
      "afkTime": -1,
      "afkReason": "",
      "limit": 10
    },
    "6288296608950@s.whatsapp.net": {
      "afkTime": -1,
      "afkReason": "",
      "limit": 10
    },
    "6285710611854@s.whatsapp.net": {
      "afkTime": -1,
      "afkReason": "",
      "limit": 10
    },
    "6285930445983@s.whatsapp.net": {
      "afkTime": -1,
      "afkReason": "",
      "limit": 10
    },
    "6289654951151@s.whatsapp.net": {
      "afkTime": -1,
      "afkReason": "",
      "limit": 10
    },
    "6285781447645@s.whatsapp.net": {
      "afkTime": -1,
      "afkReason": "",
      "limit": 10
    },
    "6285280370263@s.whatsapp.net": {
      "afkTime": -1,
      "afkReason": "",
      "limit": 10
    },
    "6281210647493@s.whatsapp.net": {
      "afkTime": -1,
      "afkReason": "",
      "limit": 10
    },
    "6283852093675@s.whatsapp.net": {
      "afkTime": -1,
      "afkReason": "",
      "limit": 10
    },
    "60148081457@s.whatsapp.net": {
      "afkTime": -1,
      "afkReason": "",
      "limit": 10
    },
    "62895805123434@s.whatsapp.net": {
      "afkTime": -1,
      "afkReason": "",
      "limit": 10
    },
    "6283132364226@s.whatsapp.net": {
      "afkTime": -1,
      "afkReason": "",
      "limit": 10
    },
    "6282165155934@s.whatsapp.net": {
      "afkTime": -1,
      "afkReason": "",
      "limit": 10
    },
    "6281248328978@s.whatsapp.net": {
      "afkTime": -1,
      "afkReason": "",
      "limit": 10
    },
    "6287872440463@s.whatsapp.net": {
      "afkTime": -1,
      "afkReason": "",
      "limit": 10
    },
    "6288226630158@s.whatsapp.net": {
      "afkTime": -1,
      "afkReason": "",
      "limit": 10
    },
    "60198406861@s.whatsapp.net": {
      "afkTime": -1,
      "afkReason": "",
      "limit": 10
    },
    "601155637856@s.whatsapp.net": {
      "afkTime": -1,
      "afkReason": "",
      "limit": 10
    },
    "601125161357@s.whatsapp.net": {
      "afkTime": -1,
      "afkReason": "",
      "limit": 10
    },
    "6282178601945@s.whatsapp.net": {
      "afkTime": -1,
      "afkReason": "",
      "limit": 10
    },
    "6289530293020@s.whatsapp.net": {
      "afkTime": -1,
      "afkReason": "",
      "limit": 10
    },
    "6281269474499@s.whatsapp.net": {
      "afkTime": -1,
      "afkReason": "",
      "limit": 10
    },
    "6283893826101@s.whatsapp.net": {
      "afkTime": -1,
      "afkReason": "",
      "limit": 10
    },
    "6282291345984@s.whatsapp.net": {
      "afkTime": -1,
      "afkReason": "",
      "limit": 10
    },
    "6288210312450@s.whatsapp.net": {
      "afkTime": -1,
      "afkReason": "",
      "limit": 10
    },
    "6289616701573@s.whatsapp.net": {
      "afkTime": -1,
      "afkReason": "",
      "limit": 10
    },
    "6285719908756@s.whatsapp.net": {
      "afkTime": -1,
      "afkReason": "",
      "limit": 10
    },
    "6288703040515@s.whatsapp.net": {
      "afkTime": -1,
      "afkReason": "",
      "limit": 10
    },
    "6285877555269@s.whatsapp.net": {
      "afkTime": -1,
      "afkReason": "",
      "limit": 10
    },
    "6285272881241@s.whatsapp.net": {
      "afkTime": -1,
      "afkReason": "",
      "limit": 10
    },
    "628988655332@s.whatsapp.net": {
      "afkTime": -1,
      "afkReason": "",
      "limit": 10
    },
    "6285692213416@s.whatsapp.net": {
      "afkTime": -1,
      "afkReason": "",
      "limit": 10
    },
    "6287897527093@s.whatsapp.net": {
      "afkTime": -1,
      "afkReason": "",
      "limit": 10
    },
    "6285945727729@s.whatsapp.net": {
      "afkTime": -1,
      "afkReason": "",
      "limit": 10
    },
    "6283870158993@s.whatsapp.net": {
      "afkTime": -1,
      "afkReason": "",
      "limit": 10
    },
    "6285229230601@s.whatsapp.net": {
      "afkTime": -1,
      "afkReason": "",
      "limit": 10
    },
    "6289512070339@s.whatsapp.net": {
      "afkTime": -1,
      "afkReason": "",
      "limit": 10
    },
    "628561041275@s.whatsapp.net": {
      "afkTime": -1,
      "afkReason": "",
      "limit": 10
    },
    "6283836910766@s.whatsapp.net": {
      "afkTime": -1,
      "afkReason": "",
      "limit": 10
    },
    "628889159562@s.whatsapp.net": {
      "afkTime": -1,
      "afkReason": "",
      "limit": 10
    },
    "6288807658019@s.whatsapp.net": {
      "afkTime": -1,
      "afkReason": "",
      "limit": 10
    },
    "8562095503550@s.whatsapp.net": {
      "afkTime": -1,
      "afkReason": "",
      "limit": 10
    },
    "62895402427074@s.whatsapp.net": {
      "afkTime": -1,
      "afkReason": "",
      "limit": 10
    },
    "6287864189770@s.whatsapp.net": {
      "afkTime": -1,
      "afkReason": "",
      "limit": 10
    },
    "6285179763540@s.whatsapp.net": {
      "afkTime": -1,
      "afkReason": "",
      "limit": 10
    },
    "6287840563354@s.whatsapp.net": {
      "afkTime": -1,
      "afkReason": "",
      "limit": 10
    },
    "601163754265@s.whatsapp.net": {
      "afkTime": -1,
      "afkReason": "",
      "limit": 10
    },
    "6285777890627@s.whatsapp.net": {
      "afkTime": -1,
      "afkReason": "",
      "limit": 10
    },
    "6285951375459@s.whatsapp.net": {
      "afkTime": -1,
      "afkReason": "",
      "limit": 10
    },
    "6281554238798@s.whatsapp.net": {
      "afkTime": -1,
      "afkReason": "",
      "limit": 10
    },
    "6285787526034@s.whatsapp.net": {
      "afkTime": -1,
      "afkReason": "",
      "limit": 10
    },
    "6283878477395@s.whatsapp.net": {
      "afkTime": -1,
      "afkReason": "",
      "limit": 3
    },
    "6283197879066@s.whatsapp.net": {
      "afkTime": -1,
      "afkReason": "",
      "limit": 10
    },
    "6283819247241@s.whatsapp.net": {
      "afkTime": -1,
      "afkReason": "",
      "limit": 10
    },
    "6281244748011@s.whatsapp.net": {
      "afkTime": -1,
      "afkReason": "",
      "limit": 10
    },
    "6281357084462@s.whatsapp.net": {
      "afkTime": -1,
      "afkReason": "",
      "limit": 10
    },
    "6283137391567@s.whatsapp.net": {
      "afkTime": -1,
      "afkReason": "",
      "limit": 10
    },
    "6281553546786@s.whatsapp.net": {
      "afkTime": -1,
      "afkReason": "",
      "limit": 10
    },
    "6285845520985@s.whatsapp.net": {
      "afkTime": -1,
      "afkReason": "",
      "limit": 10
    },
    "6281932275393@s.whatsapp.net": {
      "afkTime": -1,
      "afkReason": "",
      "limit": 10
    },
    "6281371299732@s.whatsapp.net": {
      "afkTime": -1,
      "afkReason": "",
      "limit": 10
    },
    "6285755172392@s.whatsapp.net": {
      "afkTime": -1,
      "afkReason": "",
      "limit": 10
    },
    "6283808860486@s.whatsapp.net": {
      "afkTime": -1,
      "afkReason": "",
      "limit": 10
    },
    "628815928873@s.whatsapp.net": {
      "afkTime": -1,
      "afkReason": "",
      "limit": 10
    },
    "601119897679@s.whatsapp.net": {
      "afkTime": -1,
      "afkReason": "",
      "limit": 10
    },
    "6283829550868@s.whatsapp.net": {
      "afkTime": -1,
      "afkReason": "",
      "limit": 10
    },
    "6285783253500@s.whatsapp.net": {
      "afkTime": -1,
      "afkReason": "",
      "limit": 10
    },
    "6282268683212@s.whatsapp.net": {
      "afkTime": -1,
      "afkReason": "",
      "limit": 10
    },
    "6285717145093@s.whatsapp.net": {
      "afkTime": -1,
      "afkReason": "",
      "limit": 10
    },
    "6281241052513@s.whatsapp.net": {
      "afkTime": -1,
      "afkReason": "",
      "limit": 10
    },
    "628561618799@s.whatsapp.net": {
      "afkTime": -1,
      "afkReason": "",
      "limit": 10
    },
    "6282163271462@s.whatsapp.net": {
      "afkTime": -1,
      "afkReason": "",
      "limit": 10
    },
    "6285333903379@s.whatsapp.net": {
      "afkTime": -1,
      "afkReason": "",
      "limit": 10
    },
    "6287766580848@s.whatsapp.net": {
      "afkTime": -1,
      "afkReason": "",
      "limit": 10
    },
    "6285793429584@s.whatsapp.net": {
      "afkTime": -1,
      "afkReason": "",
      "limit": 10
    },
    "60145753340@s.whatsapp.net": {
      "afkTime": -1,
      "afkReason": "",
      "limit": 10
    },
    "62895358183144@s.whatsapp.net": {
      "afkTime": -1,
      "afkReason": "",
      "limit": 3
    },
    "6288976783609@s.whatsapp.net": {
      "afkTime": -1,
      "afkReason": "",
      "limit": 10
    },
    "6288267018941@s.whatsapp.net": {
      "afkTime": -1,
      "afkReason": "",
      "limit": 10
    },
    "6285703468260@s.whatsapp.net": {
      "afkTime": -1,
      "afkReason": "",
      "limit": 10
    },
    "6282120791959@s.whatsapp.net": {
      "afkTime": -1,
      "afkReason": "",
      "limit": 10
    },
    "6283894439615@s.whatsapp.net": {
      "afkTime": -1,
      "afkReason": "",
      "limit": 10
    },
    "6283840526621@s.whatsapp.net": {
      "afkTime": -1,
      "afkReason": "",
      "limit": 10
    },
    "6285697304133@s.whatsapp.net": {
      "afkTime": -1,
      "afkReason": "",
      "limit": 10
    },
    "62881012725046@s.whatsapp.net": {
      "afkTime": -1,
      "afkReason": "",
      "limit": 10
    },
    "6281927722944@s.whatsapp.net": {
      "afkTime": -1,
      "afkReason": "",
      "limit": 10
    },
    "6281231511924@s.whatsapp.net": {
      "afkTime": -1,
      "afkReason": "",
      "limit": 10
    },
    "6285749885978@s.whatsapp.net": {
      "afkTime": -1,
      "afkReason": "",
      "limit": 10
    },
    "6288705677907@s.whatsapp.net": {
      "afkTime": -1,
      "afkReason": "",
      "limit": 10
    },
    "62881023491711@s.whatsapp.net": {
      "afkTime": -1,
      "afkReason": "",
      "limit": 10
    },
    "60107746627@s.whatsapp.net": {
      "afkTime": -1,
      "afkReason": "",
      "limit": 10
    },
    "6283111265358@s.whatsapp.net": {
      "afkTime": -1,
      "afkReason": "",
      "limit": 10
    },
    "6281345158100@s.whatsapp.net": {
      "afkTime": -1,
      "afkReason": "",
      "limit": 10
    },
    "6285701196901@s.whatsapp.net": {
      "afkTime": -1,
      "afkReason": "",
      "limit": 10
    },
    "6285253560970@s.whatsapp.net": {
      "afkTime": -1,
      "afkReason": "",
      "limit": 10
    },
    "6281326751879@s.whatsapp.net": {
      "afkTime": -1,
      "afkReason": "",
      "limit": 10
    },
    "6281933774165@s.whatsapp.net": {
      "afkTime": -1,
      "afkReason": "",
      "limit": 10
    },
    "6289531990592@s.whatsapp.net": {
      "afkTime": -1,
      "afkReason": "",
      "limit": 10
    },
    "6283897861960@s.whatsapp.net": {
      "afkTime": -1,
      "afkReason": "",
      "limit": 10
    },
    "6285602771322@s.whatsapp.net": {
      "afkTime": -1,
      "afkReason": "",
      "limit": 10
    },
    "6285261766597@s.whatsapp.net": {
      "afkTime": -1,
      "afkReason": "",
      "limit": 10
    },
    "62882007423965@s.whatsapp.net": {
      "afkTime": -1,
      "afkReason": "",
      "limit": 10
    },
    "6287817138162@s.whatsapp.net": {
      "afkTime": -1,
      "afkReason": "",
      "limit": 10
    },
    "62895622083583@s.whatsapp.net": {
      "afkTime": -1,
      "afkReason": "",
      "limit": 10
    },
    "6282331787987@s.whatsapp.net": {
      "afkTime": -1,
      "afkReason": "",
      "limit": 10
    },
    "6285783039167@s.whatsapp.net": {
      "afkTime": -1,
      "afkReason": "",
      "limit": 10
    },
    "6281364409097@s.whatsapp.net": {
      "afkTime": -1,
      "afkReason": "",
      "limit": 10
    },
    "6281528750549@s.whatsapp.net": {
      "afkTime": -1,
      "afkReason": "",
      "limit": 10
    },
    "6288292061522@s.whatsapp.net": {
      "afkTime": -1,
      "afkReason": "",
      "limit": 10
    },
    "6285766969821@s.whatsapp.net": {
      "afkTime": -1,
      "afkReason": "",
      "limit": 10
    },
    "6285803175367@s.whatsapp.net": {
      "afkTime": -1,
      "afkReason": "",
      "limit": 10
    },
    "6285141457793@s.whatsapp.net": {
      "afkTime": -1,
      "afkReason": "",
      "limit": 10
    },
    "6283891638699@s.whatsapp.net": {
      "afkTime": -1,
      "afkReason": "",
      "limit": 10
    },
    "6282192406924@s.whatsapp.net": {
      "afkTime": -1,
      "afkReason": "",
      "limit": 10
    },
    "6281313595512@s.whatsapp.net": {
      "afkTime": -1,
      "afkReason": "",
      "limit": 10
    },
    "628976186519@s.whatsapp.net": {
      "afkTime": -1,
      "afkReason": "",
      "limit": 10
    },
    "6282170515630@s.whatsapp.net": {
      "afkTime": -1,
      "afkReason": "",
      "limit": 10
    },
    "6282190451109@s.whatsapp.net": {
      "afkTime": -1,
      "afkReason": "",
      "limit": 10
    },
    "628895205140@s.whatsapp.net": {
      "afkTime": -1,
      "afkReason": "",
      "limit": 10
    },
    "6288985109825@s.whatsapp.net": {
      "afkTime": -1,
      "afkReason": "",
      "limit": 10
    },
    "628561011266@s.whatsapp.net": {
      "afkTime": -1,
      "afkReason": "",
      "limit": 10
    },
    "6281236927213@s.whatsapp.net": {
      "afkTime": -1,
      "afkReason": "",
      "limit": 10
    },
    "6287862535111@s.whatsapp.net": {
      "afkTime": -1,
      "afkReason": "",
      "limit": 10
    },
    "6285930973547@s.whatsapp.net": {
      "afkTime": -1,
      "afkReason": "",
      "limit": 10
    },
    "6288287287687@s.whatsapp.net": {
      "afkTime": -1,
      "afkReason": "",
      "limit": 10
    },
    "6289519780596@s.whatsapp.net": {
      "afkTime": -1,
      "afkReason": "",
      "limit": 10
    },
    "6281373191429@s.whatsapp.net": {
      "afkTime": -1,
      "afkReason": "",
      "limit": 10
    },
    "6287853656653@s.whatsapp.net": {
      "afkTime": -1,
      "afkReason": "",
      "limit": 10
    },
    "6282192914979@s.whatsapp.net": {
      "afkTime": -1,
      "afkReason": "",
      "limit": 10
    },
    "6285752371437@s.whatsapp.net": {
      "afkTime": -1,
      "afkReason": "",
      "limit": 10
    },
    "6285867614548@s.whatsapp.net": {
      "afkTime": -1,
      "afkReason": "",
      "limit": 10
    },
    "6285893500852@s.whatsapp.net": {
      "afkTime": -1,
      "afkReason": "",
      "limit": 10
    },
    "628194256657@s.whatsapp.net": {
      "afkTime": -1,
      "afkReason": "",
      "limit": 10
    },
    "6283191292384@s.whatsapp.net": {
      "afkTime": -1,
      "afkReason": "",
      "limit": 10
    },
    "6285797234046@s.whatsapp.net": {
      "afkTime": -1,
      "afkReason": "",
      "limit": 10
    },
    "6285263936317@s.whatsapp.net": {
      "afkTime": -1,
      "afkReason": "",
      "limit": 10
    },
    "6282130288576@s.whatsapp.net": {
      "afkTime": -1,
      "afkReason": "",
      "limit": 10
    },
    "6281378681518@s.whatsapp.net": {
      "afkTime": -1,
      "afkReason": "",
      "limit": 10
    },
    "628382844890@s.whatsapp.net": {
      "afkTime": -1,
      "afkReason": "",
      "limit": 10
    },
    "6285696524445@s.whatsapp.net": {
      "afkTime": -1,
      "afkReason": "",
      "limit": 10
    },
    "60193744005@s.whatsapp.net": {
      "afkTime": -1,
      "afkReason": "",
      "limit": 10
    },
    "62895622607451@s.whatsapp.net": {
      "afkTime": -1,
      "afkReason": "",
      "limit": 10
    },
    "6282197332540@s.whatsapp.net": {
      "afkTime": -1,
      "afkReason": "",
      "limit": 10
    },
    "6281919833389@s.whatsapp.net": {
      "afkTime": -1,
      "afkReason": "",
      "limit": 10
    },
    "6283108202892@s.whatsapp.net": {
      "afkTime": -1,
      "afkReason": "",
      "limit": 10
    },
    "62882019059268@s.whatsapp.net": {
      "afkTime": -1,
      "afkReason": "",
      "limit": 10
    },
    "6285398459297@s.whatsapp.net": {
      "afkTime": -1,
      "afkReason": "",
      "limit": 10
    },
    "6281213000354@s.whatsapp.net": {
      "afkTime": -1,
      "afkReason": "",
      "limit": 10
    },
    "6287857291555@s.whatsapp.net": {
      "afkTime": -1,
      "afkReason": "",
      "limit": 10
    },
    "6287724005486@s.whatsapp.net": {
      "afkTime": -1,
      "afkReason": "",
      "limit": 10
    },
    "6288242701998@s.whatsapp.net": {
      "afkTime": -1,
      "afkReason": "",
      "limit": 10
    },
    "6282169078675@s.whatsapp.net": {
      "afkTime": -1,
      "afkReason": "",
      "limit": 10
    },
    "6283813696733@s.whatsapp.net": {
      "afkTime": -1,
      "afkReason": "",
      "limit": 10
    },
    "6283139352624@s.whatsapp.net": {
      "afkTime": -1,
      "afkReason": "",
      "limit": 10
    },
    "60107110875@s.whatsapp.net": {
      "afkTime": -1,
      "afkReason": "",
      "limit": 10
    },
    "6282171368340@s.whatsapp.net": {
      "afkTime": -1,
      "afkReason": "",
      "limit": 10
    },
    "6281912935681@s.whatsapp.net": {
      "afkTime": -1,
      "afkReason": "",
      "limit": 10
    },
    "6285603648253@s.whatsapp.net": {
      "afkTime": -1,
      "afkReason": "",
      "limit": 10
    },
    "6287864570114@s.whatsapp.net": {
      "afkTime": -1,
      "afkReason": "",
      "limit": 10
    },
    "6289507249468@s.whatsapp.net": {
      "afkTime": -1,
      "afkReason": "",
      "limit": 10
    },
    "62895329475273@s.whatsapp.net": {
      "afkTime": -1,
      "afkReason": "",
      "limit": 10
    },
    "6287873087894@s.whatsapp.net": {
      "afkTime": -1,
      "afkReason": "",
      "limit": 10
    },
    "6281911292338@s.whatsapp.net": {
      "afkTime": -1,
      "afkReason": "",
      "limit": 10
    },
    "6288905513914@s.whatsapp.net": {
      "afkTime": -1,
      "afkReason": "",
      "limit": 10
    },
    "601158006574@s.whatsapp.net": {
      "afkTime": -1,
      "afkReason": "",
      "limit": 10
    },
    "6287749326009@s.whatsapp.net": {
      "afkTime": -1,
      "afkReason": "",
      "limit": 10
    },
    "6285854121227@s.whatsapp.net": {
      "afkTime": -1,
      "afkReason": "",
      "limit": 10
    },
    "6281244685550@s.whatsapp.net": {
      "afkTime": -1,
      "afkReason": "",
      "limit": 10
    },
    "6288705677795@s.whatsapp.net": {
      "afkTime": -1,
      "afkReason": "",
      "limit": 10
    },
    "6287847197841@s.whatsapp.net": {
      "afkTime": -1,
      "afkReason": "",
      "limit": 10
    },
    "6283114337751@s.whatsapp.net": {
      "afkTime": -1,
      "afkReason": "",
      "limit": 10
    },
    "6283829392989@s.whatsapp.net": {
      "afkTime": -1,
      "afkReason": "",
      "limit": 10
    },
    "6287846394085@s.whatsapp.net": {
      "afkTime": -1,
      "afkReason": "",
      "limit": 10
    },
    "6283836918452@s.whatsapp.net": {
      "afkTime": -1,
      "afkReason": "",
      "limit": 10
    },
    "6283893982578@s.whatsapp.net": {
      "afkTime": -1,
      "afkReason": "",
      "limit": 10
    },
    "6282163581371@s.whatsapp.net": {
      "afkTime": -1,
      "afkReason": "",
      "limit": 10
    },
    "6287739881630@s.whatsapp.net": {
      "afkTime": -1,
      "afkReason": "",
      "limit": 10
    },
    "6285643918835@s.whatsapp.net": {
      "afkTime": -1,
      "afkReason": "",
      "limit": 10
    },
    "6281953927278@s.whatsapp.net": {
      "afkTime": -1,
      "afkReason": "",
      "limit": 10
    },
    "62881012256413@s.whatsapp.net": {
      "afkTime": -1,
      "afkReason": "",
      "limit": 10
    },
    "62881022029248@s.whatsapp.net": {
      "afkTime": -1,
      "afkReason": "",
      "limit": -4
    },
    "6283145247560@s.whatsapp.net": {
      "afkTime": -1,
      "afkReason": "",
      "limit": 10
    },
    "6283833582904@s.whatsapp.net": {
      "afkTime": -1,
      "afkReason": "",
      "limit": 0
    },
    "6282239679238@s.whatsapp.net": {
      "afkTime": -1,
      "afkReason": "",
      "limit": 0
    },
    "6285608069388@s.whatsapp.net": {
      "afkTime": -1,
      "afkReason": "",
      "limit": 10
    },
    "6282386990274@s.whatsapp.net": {
      "afkTime": -1,
      "afkReason": "",
      "limit": 0
    },
    "6281381771312@s.whatsapp.net": {
      "afkTime": -1,
      "afkReason": "",
      "limit": 0
    },
    "6289522326923@s.whatsapp.net": {
      "afkTime": -1,
      "afkReason": "",
      "limit": 10
    },
    "6285163141661@s.whatsapp.net": {
      "afkTime": -1,
      "afkReason": "",
      "limit": 10
    },
    "6285766412627@s.whatsapp.net": {
      "afkTime": -1,
      "afkReason": "",
      "limit": 10
    },
    "6282174762125@s.whatsapp.net": {
      "afkTime": -1,
      "afkReason": "",
      "limit": 10
    },
    "6283151955377@s.whatsapp.net": {
      "afkTime": -1,
      "afkReason": "",
      "limit": 10
    },
    "6285268195320@s.whatsapp.net": {
      "afkTime": -1,
      "afkReason": "",
      "limit": 10
    },
    "6285730800458@s.whatsapp.net": {
      "afkTime": -1,
      "afkReason": "",
      "limit": 0
    },
    "6283150858322@s.whatsapp.net": {
      "afkTime": -1,
      "afkReason": "",
      "limit": 10
    },
    "6281374643359@s.whatsapp.net": {
      "afkTime": -1,
      "afkReason": "",
      "limit": 10
    },
    "6288258000777@s.whatsapp.net": {
      "afkTime": -1,
      "afkReason": "",
      "limit": 10
    },
    "6285754773800@s.whatsapp.net": {
      "afkTime": -1,
      "afkReason": "",
      "limit": 10
    },
    "6283848070615@s.whatsapp.net": {
      "afkTime": -1,
      "afkReason": "",
      "limit": 10
    },
    "6283199354568@s.whatsapp.net": {
      "afkTime": -1,
      "afkReason": "",
      "limit": 10
    },
    "6283189382994@s.whatsapp.net": {
      "afkTime": -1,
      "afkReason": "",
      "limit": 10
    },
    "62895378080123@s.whatsapp.net": {
      "afkTime": -1,
      "afkReason": "",
      "limit": 10
    },
    "6283896912607@s.whatsapp.net": {
      "afkTime": -1,
      "afkReason": "",
      "limit": 10
    },
    "6283110857726@s.whatsapp.net": {
      "afkTime": -1,
      "afkReason": "",
      "limit": 10
    },
    "6287861346943@s.whatsapp.net": {
      "afkTime": -1,
      "afkReason": "",
      "limit": 10
    },
    "6283141083033@s.whatsapp.net": {
      "afkTime": -1,
      "afkReason": "",
      "limit": 10
    },
    "6282332571135@s.whatsapp.net": {
      "afkTime": -1,
      "afkReason": "",
      "limit": 10
    },
    "6283870437514@s.whatsapp.net": {
      "afkTime": -1,
      "afkReason": "",
      "limit": 10
    },
    "60178617322@s.whatsapp.net": {
      "afkTime": -1,
      "afkReason": "",
      "limit": 10
    },
    "60172148405@s.whatsapp.net": {
      "afkTime": -1,
      "afkReason": "",
      "limit": 10
    },
    "6285798411437@s.whatsapp.net": {
      "afkTime": -1,
      "afkReason": "",
      "limit": 10
    },
    "6282135912213@s.whatsapp.net": {
      "afkTime": -1,
      "afkReason": "",
      "limit": 10
    },
    "6282269668315@s.whatsapp.net": {
      "afkTime": -1,
      "afkReason": "",
      "limit": 10
    },
    "6282211991425@s.whatsapp.net": {
      "afkTime": -1,
      "afkReason": "",
      "limit": 10
    },
    "6281370873163@s.whatsapp.net": {
      "afkTime": -1,
      "afkReason": "",
      "limit": 10
    },
    "6283837709331@s.whatsapp.net": {
      "afkTime": -1,
      "afkReason": "",
      "limit": 10
    },
    "6285158995116@s.whatsapp.net": {
      "afkTime": -1,
      "afkReason": "",
      "limit": 10
    },
    "6287840530026@s.whatsapp.net": {
      "afkTime": -1,
      "afkReason": "",
      "limit": 0
    },
    "6282213536526@s.whatsapp.net": {
      "afkTime": -1,
      "afkReason": "",
      "limit": 10
    },
    "6285654219623@s.whatsapp.net": {
      "afkTime": -1,
      "afkReason": "",
      "limit": 10
    },
    "6285926327961@s.whatsapp.net": {
      "afkTime": -1,
      "afkReason": "",
      "limit": -3
    },
    "6285922436945@s.whatsapp.net": {
      "afkTime": -1,
      "afkReason": "",
      "limit": -3
    },
    "62895363653639@s.whatsapp.net": {
      "afkTime": -1,
      "afkReason": "",
      "limit": 9
    },
    "6287881237552@s.whatsapp.net": {
      "afkTime": -1,
      "afkReason": "",
      "limit": 10
    },
    "6285875625720@s.whatsapp.net": {
      "afkTime": -1,
      "afkReason": "",
      "limit": 10
    },
    "6283125848434@s.whatsapp.net": {
      "afkTime": -1,
      "afkReason": "",
      "limit": 10
    },
    "6281953375401@s.whatsapp.net": {
      "afkTime": -1,
      "afkReason": "",
      "limit": 10
    },
    "6289509957224@s.whatsapp.net": {
      "afkTime": -1,
      "afkReason": "",
      "limit": 10
    },
    "6285648736876@s.whatsapp.net": {
      "afkTime": -1,
      "afkReason": "",
      "limit": 10
    },
    "628813720954@s.whatsapp.net": {
      "afkTime": -1,
      "afkReason": "",
      "limit": 10
    },
    "6285731081781@s.whatsapp.net": {
      "afkTime": -1,
      "afkReason": "",
      "limit": 10
    },
    "6285701069027@s.whatsapp.net": {
      "afkTime": -1,
      "afkReason": "",
      "limit": 10
    },
    "6281227219147@s.whatsapp.net": {
      "afkTime": -1,
      "afkReason": "",
      "limit": 10
    },
    "6285956750504@s.whatsapp.net": {
      "afkTime": -1,
      "afkReason": "",
      "limit": 10
    },
    "6282328008662@s.whatsapp.net": {
      "afkTime": -1,
      "afkReason": "",
      "limit": 10
    },
    "6283877665101@s.whatsapp.net": {
      "afkTime": -1,
      "afkReason": "",
      "limit": 10
    },
    "6288238695079@s.whatsapp.net": {
      "afkTime": -1,
      "afkReason": "",
      "limit": 10
    },
    "6283879032470@s.whatsapp.net": {
      "afkTime": -1,
      "afkReason": "",
      "limit": 9
    },
    "6281284576268@s.whatsapp.net": {
      "afkTime": -1,
      "afkReason": "",
      "limit": 0
    },
    "6281387574657@s.whatsapp.net": {
      "afkTime": -1,
      "afkReason": "",
      "limit": 10
    },
    "6283110035901@s.whatsapp.net": {
      "afkTime": -1,
      "afkReason": "",
      "limit": 10
    },
    "6282331744066@s.whatsapp.net": {
      "afkTime": -1,
      "afkReason": "",
      "limit": 10
    },
    "6287758664221@s.whatsapp.net": {
      "afkTime": -1,
      "afkReason": "",
      "limit": 10
    },
    "6289661245309@s.whatsapp.net": {
      "afkTime": -1,
      "afkReason": "",
      "limit": 10
    },
    "6281944511976@s.whatsapp.net": {
      "afkTime": -1,
      "afkReason": "",
      "limit": 10
    },
    "6281379437384@s.whatsapp.net": {
      "afkTime": -1,
      "afkReason": "",
      "limit": 10
    },
    "6283831691168@s.whatsapp.net": {
      "afkTime": -1,
      "afkReason": "",
      "limit": 0
    },
    "6285864568026@s.whatsapp.net": {
      "afkTime": -1,
      "afkReason": "",
      "limit": 10
    },
    "62895391858125@s.whatsapp.net": {
      "afkTime": -1,
      "afkReason": "",
      "limit": 10
    },
    "6283848174385@s.whatsapp.net": {
      "afkTime": -1,
      "afkReason": "",
      "limit": 10
    },
    "62882005763888@s.whatsapp.net": {
      "afkTime": -1,
      "afkReason": "",
      "limit": 10
    },
    "6283176270096@s.whatsapp.net": {
      "afkTime": -1,
      "afkReason": "",
      "limit": 10
    },
    "6285751741760@s.whatsapp.net": {
      "afkTime": -1,
      "afkReason": "",
      "limit": 10
    },
    "6283832227672@s.whatsapp.net": {
      "afkTime": -1,
      "afkReason": "",
      "limit": 10
    },
    "60107145767@s.whatsapp.net": {
      "afkTime": -1,
      "afkReason": "",
      "limit": 10
    },
    "6282268547678@s.whatsapp.net": {
      "afkTime": -1,
      "afkReason": "",
      "limit": 10
    }
  },
  "premium": {},
  "banned": {},
  "group": {
    "6285824212737@s.whatsapp.net": {
      "mute": false,
      "antilink": false,
      "antilinkyt": false,
      "antilinktt": false,
      "antivirtex": false,
      "antisettings": true,
      "antilinkv2": true
    },
    "6281232615640@s.whatsapp.net": {
      "mute": false,
      "antilink": false,
      "antilinkyt": false,
      "antilinktt": false,
      "antivirtex": false,
      "antisettings": true,
      "antilinkv2": true
    },
    "6282334018401@s.whatsapp.net": {
      "mute": false,
      "antilink": false,
      "antilinkyt": false,
      "antilinktt": false,
      "antivirtex": false,
      "antisettings": true,
      "antilinkv2": true
    },
    "6287765038959@s.whatsapp.net": {
      "mute": false,
      "antilink": false,
      "antilinkyt": false,
      "antilinktt": false,
      "antivirtex": false,
      "antisettings": true,
      "antilinkv2": true
    },
    "62856085344750@s.whatsapp.net": {
      "mute": false,
      "antilink": false,
      "antilinkyt": false,
      "antilinktt": false,
      "antivirtex": false,
      "antisettings": true,
      "antilinkv2": true
    },
    "120363046623975929@g.us": {
      "mute": false,
      "antilink": false,
      "antilinkyt": false,
      "antilinktt": false,
      "antivirtex": false,
      "antisettings": true,
      "antilinkv2": true
    },
    "62856085344759@s.whatsapp.net": {
      "mute": false,
      "antilink": false,
      "antilinkyt": false,
      "antilinktt": false,
      "antivirtex": false,
      "antisettings": true,
      "antilinkv2": true
    },
    "6283877536731@s.whatsapp.net": {
      "mute": false,
      "antilink": false,
      "antilinkyt": false,
      "antilinktt": false,
      "antivirtex": false,
      "antisettings": true,
      "antilinkv2": true
    },
    "62895803770050@s.whatsapp.net": {
      "mute": false,
      "antilink": false,
      "antilinkyt": false,
      "antilinktt": false,
      "antivirtex": false,
      "antisettings": true,
      "antilinkv2": true
    },
    "120363191663552893@g.us": {
      "mute": false,
      "antilink": false,
      "antilinkyt": false,
      "antilinktt": false,
      "antivirtex": false,
      "antisettings": true,
      "antilinkv2": true
    },
    "6285798411437@s.whatsapp.net": {
      "mute": false,
      "antilink": false,
      "antilinkyt": false,
      "antilinktt": false,
      "antivirtex": false,
      "antisettings": true,
      "antilinkv2": true
    },
    "6285603909078@s.whatsapp.net": {
      "mute": false,
      "antilink": false,
      "antilinkyt": false,
      "antilinktt": false,
      "antivirtex": false,
      "antisettings": true,
      "antilinkv2": true
    },
    "62856085344752@s.whatsapp.net": {
      "mute": false,
      "antilink": false,
      "antilinkyt": false,
      "antilinktt": false,
      "antivirtex": false,
      "antisettings": true,
      "antilinkv2": true
    },
    "62856085344753@s.whatsapp.net": {
      "mute": false,
      "antilink": false,
      "antilinkyt": false,
      "antilinktt": false,
      "antivirtex": false,
      "antisettings": true,
      "antilinkv2": true
    },
    "120363173213448542@g.us": {
      "mute": false,
      "antilink": false,
      "antilinkyt": false,
      "antilinktt": false,
      "antivirtex": false,
      "antisettings": true,
      "antilinkv2": true
    },
    "6285745267740@s.whatsapp.net": {
      "mute": false,
      "antilink": false,
      "antilinkyt": false,
      "antilinktt": false,
      "antivirtex": false,
      "antisettings": true,
      "antilinkv2": true
    },
    "120363233630634081@g.us": {
      "mute": false,
      "antilink": false,
      "antilinkyt": false,
      "antilinktt": false,
      "antivirtex": false,
      "antisettings": true,
      "antilinkv2": true
    },
    "62856085344751@s.whatsapp.net": {
      "mute": false,
      "antilink": false,
      "antilinkyt": false,
      "antilinktt": false,
      "antivirtex": false,
      "antisettings": true,
      "antilinkv2": true
    },
    "120363217545073697@g.us": {
      "mute": false,
      "antilink": false,
      "antilinkyt": false,
      "antilinktt": false,
      "antivirtex": false,
      "antisettings": true,
      "antilinkv2": true
    },
    "6281353062928@s.whatsapp.net": {
      "mute": false,
      "antilink": false,
      "antilinkyt": false,
      "antilinktt": false,
      "antivirtex": false,
      "antisettings": true,
      "antilinkv2": true
    },
    "120363226910920438@g.us": {
      "mute": false,
      "antilink": false,
      "antilinkyt": false,
      "antilinktt": false,
      "antivirtex": false,
      "antisettings": true,
      "antilinkv2": true
    },
    "120363242603110137@g.us": {
      "mute": false,
      "antilink": false,
      "antilinkyt": false,
      "antilinktt": false,
      "antivirtex": false,
      "antisettings": true,
      "antilinkv2": true
    },
    "6283870408904@s.whatsapp.net": {
      "mute": false,
      "antilink": false,
      "antilinkyt": false,
      "antilinktt": false,
      "antivirtex": false,
      "antisettings": true,
      "antilinkv2": true
    },
    "120363223261483919@g.us": {
      "mute": false,
      "antilink": false,
      "antilinkyt": false,
      "antilinktt": false,
      "antivirtex": false,
      "antisettings": true,
      "antilinkv2": true
    },
    "120363220666572954@g.us": {
      "mute": false,
      "antilink": false,
      "antilinkyt": false,
      "antilinktt": false,
      "antivirtex": false,
      "antisettings": true,
      "antilinkv2": true
    },
    "120363130084373250@g.us": {
      "mute": false,
      "antilink": false,
      "antilinkyt": false,
      "antilinktt": false,
      "antivirtex": false,
      "antisettings": true,
      "antilinkv2": true
    },
    "120363165935586302@g.us": {
      "mute": false,
      "antilink": false,
      "antilinkyt": false,
      "antilinktt": false,
      "antivirtex": false,
      "antisettings": true,
      "antilinkv2": true
    },
    "62895402427074@s.whatsapp.net": {
      "mute": false,
      "antilink": false,
      "antilinkyt": false,
      "antilinktt": false,
      "antivirtex": false,
      "antisettings": true,
      "antilinkv2": true
    },
    "120363226021055825@g.us": {
      "mute": false,
      "antilink": false,
      "antilinkyt": false,
      "antilinktt": false,
      "antivirtex": false,
      "antisettings": true,
      "antilinkv2": true
    },
    "120363213331163232@g.us": {
      "mute": false,
      "antilink": false,
      "antilinkyt": false,
      "antilinktt": false,
      "antivirtex": false,
      "antisettings": true,
      "antilinkv2": true
    },
    "120363202452931716@g.us": {
      "mute": false,
      "antilink": false,
      "antilinkyt": false,
      "antilinktt": false,
      "antivirtex": false,
      "antisettings": true,
      "antilinkv2": true
    },
    "16695995656@s.whatsapp.net": {
      "mute": false,
      "antilink": false,
      "antilinkyt": false,
      "antilinktt": false,
      "antivirtex": false,
      "antisettings": true,
      "antilinkv2": true
    },
    "120363229231990669@g.us": {
      "mute": false,
      "antilink": false,
      "antilinkyt": false,
      "antilinktt": false,
      "antivirtex": false,
      "antisettings": true,
      "antilinkv2": true
    },
    "6282386990274@s.whatsapp.net": {
      "mute": false,
      "antilink": false,
      "antilinkyt": false,
      "antilinktt": false,
      "antivirtex": false,
      "antisettings": true,
      "antilinkv2": true
    },
    "120363227016684999@g.us": {
      "mute": false,
      "antilink": false,
      "antilinkyt": false,
      "antilinktt": false,
      "antivirtex": false,
      "antisettings": true,
      "antilinkv2": true
    },
    "6283848070615@s.whatsapp.net": {
      "mute": false,
      "antilink": false,
      "antilinkyt": false,
      "antilinktt": false,
      "antivirtex": false,
      "antisettings": true,
      "antilinkv2": true
    },
    "120363225172127700@g.us": {
      "mute": false,
      "antilink": false,
      "antilinkyt": false,
      "antilinktt": false,
      "antivirtex": false,
      "antisettings": true,
      "antilinkv2": true
    },
    "66855593455-1318222635@g.us": {
      "mute": false,
      "antilink": false,
      "antilinkyt": false,
      "antilinktt": false,
      "antivirtex": false,
      "antisettings": true,
      "antilinkv2": true
    },
    "6285926327961@s.whatsapp.net": {
      "mute": false,
      "antilink": false,
      "antilinkyt": false,
      "antilinktt": false,
      "antivirtex": false,
      "antisettings": true,
      "antilinkv2": true
    },
    "120363237806276066@g.us": {
      "mute": false,
      "antilink": false,
      "antilinkyt": false,
      "antilinktt": false,
      "antivirtex": false,
      "antisettings": true,
      "antilinkv2": true
    },
    "6287881237552@s.whatsapp.net": {
      "mute": false,
      "antilink": false,
      "antilinkyt": false,
      "antilinktt": false,
      "antivirtex": false,
      "antisettings": true,
      "antilinkv2": true
    },
    "120363208734895598@g.us": {
      "mute": false,
      "antilink": false,
      "antilinkyt": false,
      "antilinktt": false,
      "antivirtex": false,
      "antisettings": true,
      "antilinkv2": true
    },
    "120363248926132365@g.us": {
      "mute": false,
      "antilink": false,
      "antilinkyt": false,
      "antilinktt": false,
      "antivirtex": false,
      "antisettings": true,
      "antilinkv2": true
    },
    "6283191389363@s.whatsapp.net": {
      "mute": false,
      "antilink": false,
      "antilinkyt": false,
      "antilinktt": false,
      "antivirtex": false,
      "antisettings": true,
      "antilinkv2": true
    },
    "120363234940769093@g.us": {
      "mute": false,
      "antilink": false,
      "antilinkyt": false,
      "antilinktt": false,
      "antivirtex": false,
      "antisettings": true,
      "antilinkv2": true
    },
    "6285864568026@s.whatsapp.net": {
      "mute": false,
      "antilink": false,
      "antilinkyt": false,
      "antilinktt": false,
      "antivirtex": false,
      "antisettings": true,
      "antilinkv2": true
    },
    "120363239945333330@g.us": {
      "mute": false,
      "antilink": false,
      "antilinkyt": false,
      "antilinktt": false,
      "antivirtex": false,
      "antisettings": true,
      "antilinkv2": true
    },
    "60107145767@s.whatsapp.net": {
      "mute": false,
      "antilink": false,
      "antilinkyt": false,
      "antilinktt": false,
      "antivirtex": false,
      "antisettings": true,
      "antilinkv2": true
    }
  },
  "database": {},
  "settings": {
    "6285824212737@s.whatsapp.net": {
      "status": 0,
      "autobio": false,
      "autoread": false
    },
    "62856085344750@s.whatsapp.net": {
      "status": 0,
      "autobio": false,
      "autoread": true
    },
    "62856085344759@s.whatsapp.net": {
      "status": 0,
      "autobio": false,
      "autoread": true
    },
    "62856085344752@s.whatsapp.net": {
      "status": 0,
      "autobio": false,
      "autoread": true
    },
    "62856085344753@s.whatsapp.net": {
      "status": 0,
      "autobio": false,
      "autoread": true
    },
    "62856085344751@s.whatsapp.net": {
      "status": 1709550959522,
      "autobio": true,
      "autoread": true
    }
  },
  "donate": {},
  "others": {},
  "sticker": {},
  "chats": {},
  "game": {},
  "anonymous": {}
}